employe_id,nom_employe,prenom_employe,date_naissance_employe,date_embauche,nombre_conges,salaire,adresse,type_contrat_id,departement_id,moyen_deplacement_id
59019,Colin,Audrey,1990-07-06,2020-12-14,29,30940,"128 Rue du Port, 34000 Frontignan",0,0,0
34382,Payet,Capucine,1991-06-18,2022-12-04,25,48430,"151 Bd Victor Hugo, 34000 Montpellier",0,0,0
92440,Lacroix,Sébastien,1975-02-13,2024-09-27,27,35320,"369 Chem. du Thym, 34170 Castelnau-le-Lez",1,0,0
83440,Maillard,Augustin,1987-03-05,2023-10-27,28,31030,"38 Rue du Muscadet, 34090 Montpellier",0,1,0
37866,Gautier,Marine,1972-01-17,2021-09-10,27,50700,"4 Av. de la Paix, 34690 Fabrègues",0,1,0
57202,Martel,Louis,1984-07-03,2022-09-03,26,33450,"8 Rue Achille Bege, 34090 Montpellier",0,1,0
48260,Maillet,Théodore,1973-05-20,2024-05-11,29,52600,"Rue Rosset, 34000 Montpellier",0,1,0
59804,Morin,Aurélien,1963-08-10,2021-10-06,28,73500,"13 Bis Rue des Anémones, 34000 Montpellier",0,1,0
42234,Benard,Anais,1962-12-07,2023-02-17,25,46210,"5 Rue des Ecoles, 34830 Clapiers",0,1,0
37830,Toussaint,Alexandre,1981-01-03,2021-07-08,26,28050,"18 Rue des Agapanthes, 34470 Pérols",0,2,0
56530,Morin,Francis,1977-01-30,2022-02-07,29,51800,"124 Rue des Écoles, 34540 Balaruc-les-Bains",0,2,0
23842,Schneider,Jules,1986-07-25,2024-04-05,29,51010,"79 Rue des Écoles, 34920 Le Crès",0,2,0
99514,Olivier,Léon,1962-03-01,2025-02-02,29,67110,"1 Rue Gerhardt, 34000 Montpellier",0,3,0
29200,Gosselin,Joseph,1995-12-19,2022-09-26,27,34610,"21 All. Martine Carol, 34070 Montpellier",0,3,0
42472,Devaux,Charles,1997-02-09,2024-02-28,27,26830,"103 Rue Joseph Guerre, 34070 Montpellier",0,3,0
36913,Pons,Brigitte,1977-12-27,2020-05-26,28,59790,"169 Rue Jean Jaures, 34730 Prades-le-Lez",0,4,0
35719,Navarro,Alain,1983-02-22,2022-03-30,26,32350,"81 Av. du Général Leclerc, 34470 Pérols",0,4,0
29793,Chauvin,Marine,1970-07-26,2023-09-14,29,47780,"121 Bd des Sports, 34000 Montpellier",0,4,0
19260,Marchand,René,1961-06-10,2023-08-24,26,68300,"1 Rue de la Paix, 34130 Saint-Aunès",0,4,0
93699,Klein,Dominique,1992-02-11,2024-10-22,28,51150,"103 All. des Pins, 34170 Castelnau-le-Lez",1,4,0
17036,Jacques,Julien,1970-12-19,2021-08-21,29,72480,"28 Rue du Port, 34140 Mèze",0,0,1
90284,Chartier,Aurélie,1999-01-26,2025-01-02,29,56400,"136 Rue des Grottes, 34130 Mauguio",0,0,1
46253,Blin,Léa,1975-05-02,2020-10-05,27,43450,"32 Trav. de la Brigantine, 34970 Lattes",0,0,1
18918,Michaud,Naomie,1963-09-13,2020-08-10,27,25610,"21 Av. du Port, 34540 Balaruc-les-Bains",0,0,1
30351,Samson,Julien,1969-03-25,2022-12-28,28,51610,"21 Rue de la Liberté, 34700 Soumont",0,0,1
20697,Cousin,Antoine,1990-09-18,2021-02-15,27,37620,"12 Rue William et Catherine Booth, 34070 Montpellier",0,0,1
66425,Jourdan,Thomas,1979-11-17,2021-11-30,25,43530,"111 Rue du Ctre, 34160 Saint-Drézéry",0,0,1
75791,Olivier,Caroline,1987-05-30,2021-07-07,27,56010,"Rue des Écoles, 34120 Lézignan-la-Cèbe",0,0,1
90207,Wagner,Andréa,1963-04-02,2024-06-21,28,68430,"Av. de la Gare, 34540 Balaruc-les-Bains",0,0,1
73367,Verdier,Simon,1987-07-11,2022-05-05,27,69840,"485 Anc. Chem. du Moulin, 34270 Les Matelles",0,0,1
31453,Renard,Bertrand,1999-06-01,2022-05-30,29,69560,"6 Av. des Pins, 34570 Montarnaud",0,0,1
86692,Hernandez,Marie,1961-01-01,2022-06-06,27,39050,"90 Av. de la Plage, 34450 Vias",0,0,1
19841,Ledoux,Monique,1962-01-06,2020-07-07,26,74360,"68 Rue du Port, 34970 Saint-Clément-de-Rivière",0,1,1
79006,Rousset,Jérome,1979-02-01,2020-09-07,28,29240,"44 Rue Jean Jaures, 34730 Prades-le-Lez",0,1,1
33386,Neveu,Yves,1998-11-18,2020-08-14,28,50170,"24 Rue de la Cadoule, 34740 Vendargues",0,1,1
49804,Carlier,Constance,1976-02-16,2024-09-02,25,70060,"200 Rue du Stade, 34830 Clapiers",0,1,1
13064,Thibault,Henriette,1972-03-27,2021-07-31,26,74990,"3 Rue de la République, 34770 Gigean",0,1,1
43542,Pendragon,Arthur,2002-08-04,2021-04-30,26,47370,"18 Rue des Arbousiers, 34230 Bélarga",0,1,1
70575,Munoz,Charlene,1991-03-22,2022-04-22,25,43520,"138 Rue de la République, 30600 Vauvert",0,1,1
60141,Colin,Iris,1999-10-15,2024-03-18,28,74000,"17 Rue du Ctre, 34160 Saint-Drézéry",0,1,1
78962,Perrot,Margot,1980-06-28,2021-07-18,27,48700,"20 Rue de la Petite Calade, 34660 Cournonterral",0,1,1
31222,Gonzalez,Luc,1973-08-05,2021-01-29,26,56020,"1 Rue du Stade, 34820 Teyran",0,1,1
46304,Pichon,Benjamin,1994-08-02,2021-07-24,27,72240,"50 Rue du Port, 34280 La Grande-Motte",0,1,1
88193,Gomez,Daniel,1967-09-24,2022-07-05,25,62410,"194 Rue des Amours d'Antan, 34980 Saint-Gély-du-Fesc",0,1,1
29450,Lambert,Julie,1990-02-14,2023-10-07,25,35470,"36 Rue de la Condamine, 34970 Lattes",0,1,1
27483,Raymond,Juliette,1978-06-14,2022-10-06,25,55910,"Rue du Ctre, 34160 Saint-Drézéry",0,1,1
71657,Delattre,Joseph,1966-01-29,2024-02-25,29,30880,"17 Av. de la Gare, 34770 Gigean",0,1,1
56482,Dumont,Michelle,1976-08-09,2022-03-29,27,51390,"100 Av. de la Gare, 30900 Nîmes",0,2,1
43124,Laole,Francoise,1970-07-01,2021-05-25,28,44040,"121 Bis Rue des Carignans, 34790 Grabels",0,2,1
22426,Poirier,Gabriel,1972-11-05,2023-12-29,26,67610,"103 Av. de la Plage, 34450 Vias",0,2,1
97309,Roussel,Charles,1978-12-22,2020-07-12,28,73490,"51 Av. de La Mer, 34470 Pérols",0,2,1
76771,Munoz,Andréa,1985-01-17,2023-02-12,29,55670,"Pl. de la Liberté, 34430 Saint-Jean-de-Védas",0,2,1
99401,Pons,Yves,1969-02-28,2022-11-28,29,66130,"20 Av. de la Paix, 34690 Fabrègues",0,2,1
79837,Muller,Alphonse,1970-12-10,2020-05-26,27,30360,"11 Lot. Mas de Combes, 34230 Popian",0,2,1
45725,Boulanger,Henri,1962-10-07,2023-10-18,28,51630,"28 Rue Anatole France, 34120 Pézenas",0,2,1
33872,Poirier,Laure,1979-10-03,2022-08-07,26,51020,"162 Av. de la Paix, 34290 Montblanc",0,2,1
70933,Leconte,Sébastien,1984-12-27,2024-12-17,27,49630,"13 Rue du Marché, 34560 Montbazin",0,2,1
20157,Menard,Damien,2000-04-18,2023-01-11,28,50580,"6 Pl. de la République, 34700 Lodève",0,2,1
20377,Boutin,Génée,1980-11-29,2022-06-06,26,42670,"140 Rue du Stade, 30920 Codognan",0,2,1
86486,Marchand,Emmanuel,1990-12-22,2022-06-19,27,37120,"3 All. des Cévennes, 34630 Saint-Thibéry",0,2,1
34922,Da Silva,Claire,1986-03-16,2023-08-22,25,54170,"61 Rue Jean Jaurès, 34200 Sète",0,2,1
30256,Dumas,Odette,1960-12-22,2023-04-08,29,45170,"2 Rue du Nord, 34920 Le Crès",0,2,1
19773,Fischer,Benoit,1981-03-31,2025-03-24,25,62670,"110 Rue de la République, 34000 Montpellier",0,3,1
15493,Devaux,Alice,1994-12-21,2020-12-06,28,73720,"50 Boulevard de la Mer, 34880 La Grande-Motte",0,3,1
17997,Dias,Mathilde,1974-10-15,2023-04-02,27,27040,"9 Rue Four des Flammes, 34000 Montpellier",0,3,1
43015,Mendes,Juliette,1991-10-22,2025-03-06,26,57040,"199-97 Av. du Pichagret, 34980 Saint-Gély-du-Fesc",0,3,1
20083,Jacquot,Marcel,1971-05-20,2021-08-12,27,38870,"13 Bd de la Liberté, 34500 Béziers",0,3,1
50309,Lacroix,Olivie,1964-09-22,2021-07-05,26,32520,"76 Av. de la Plage, 34410 Sérignan",0,3,1
86847,Arnaud,Jeremy,1989-05-13,2020-03-31,28,29180,"139 Av. des Pins, 34150 Gignac",0,3,1
86633,Rodriguez,Léon,1963-03-07,2022-06-29,25,27260,"140 All. des Vignes, 34280 La Grande-Motte",0,3,1
77789,Bourgeois,Benjamin,1985-01-14,2021-07-03,27,25570,"176 Bd de la Liberté, 34830 Clapiers",0,3,1
68454,Ribeiro,Catherine,1970-01-18,2023-03-03,25,59240,"121 Rue du Marché, 34800 Clermont-l'Hérault",0,3,1
42328,Da Costa,Alain,1990-02-14,2023-03-24,25,69510,"97 Rte de la Mer, 34400 Lunel",0,3,1
41377,Faure,Emmanuelle,1998-06-16,2025-03-05,25,52920,"Rue du Ctre, 34160 Saint-Drézéry",0,3,1
56263,Hernandez,William,1975-02-28,2021-12-23,29,34090,"246 Rue du Boulidou, 34980 Saint-Clément-de-Rivière",0,3,1
79919,Dupré,Alain,1977-09-23,2022-10-07,28,58380,"229 Rue Albert Camus, 34660 Cournonterral",0,3,1
96558,Munoz,Suzanne,1971-07-07,2022-09-01,28,48040,"179 Chem. de la Rocheuse, 34170 Castelnau-le-Lez",0,3,1
27069,Delahaye,Philippe,1996-09-10,2020-11-27,29,56380,"59 Chem. des Pins, 34170 Castelnau-le-Lez",0,3,1
39874,Rossi,Claire,1997-05-05,2024-03-28,27,57460,"87 Rue du Marché, 34400 Lunel",1,3,1
25701,Foucher,Eugénie,1971-04-25,2021-06-22,25,56470,"63 Rue du Marché, 34800 Clermont-l'Hérault",0,4,1
56632,Evrard,Claire,1970-05-03,2021-03-10,25,62760,"70 Av. Jean Jaurès, 30900 Nîmes",0,4,1
17376,Rey,Diane,1971-09-18,2022-06-16,29,69760,"1932 Ham. de Rabejac, 34700 Le Puech",0,4,1
44472,Lemaire,Maurice,1973-12-18,2024-11-26,29,63860,"94 Rue Jean Jaurès, 34740 Vendargues",0,4,1
43861,Klein,Christine,2001-03-08,2024-12-10,28,43810,"87 Av. de la Plage, 34450 Vias",0,4,1
76903,Lemaire,Victor,1979-12-30,2020-11-08,26,60670,"260 Chem. du Pompage, 34800 Canet",0,4,1
34678,Mendes,Astrid,1972-01-31,2023-11-01,27,59520,"32 Av. Jean - Louis Etienne, 34740 Vendargues",0,4,1
66882,Leleu,Guillaume,2002-01-21,2021-11-26,28,43860,"3 Rue Tadorne, 34140 Mèze",0,4,1
60437,Delattre,Danielle,1968-10-24,2023-09-23,27,29090,"328 All. de l'Iliade, 34280 La Grande-Motte",0,4,1
55153,Delmas,Colette,1971-08-28,2022-10-01,29,42280,"178 Rue de la Lucques, 34150 Aniane",0,4,1
57589,Petitjean,Aurélie,1990-03-06,2024-04-07,27,27270,"75 Rue des Écoles, 34980 Saint-Clément-de-Rivière",0,4,1
49571,Meyer,Alfred,1960-08-09,2023-05-22,26,45740,"40 Rue Jean Jaurès, 34590 Marsillargues",0,4,1
59040,Lefebvre,William,1984-01-20,2023-07-31,29,38460,"9 Rue du Lierre, 34850 Pinet",0,4,1
50316,Roux,Juliette,1993-11-06,2024-01-24,27,64970,"36 Bis Rue Paul Verlaine, 34130 Mauguio",1,4,1
36981,Schmitt,Jules,1999-03-11,2024-11-19,25,42410,"47 Av. de la Gare, 34970 Lattes",1,0,2
64886,De Oliveira,Nath,1961-03-27,2024-10-25,29,38670,"4 Pl. des Écoles, 34970 Lattes",0,1,2
34413,Aubert,Brigitte,1978-05-24,2023-07-15,25,71040,"367 Av. Marcel Pagnol, 34470 Pérols",0,2,2
50866,Techer,Roger,1987-04-18,2022-02-19,25,49230,"16 Rue des Roses, 34970 Lattes",0,2,2
51866,Carre,Marguerite,2000-06-09,2023-10-19,25,54220,"30 Rue des Vignes, 34970 Lattes",0,2,2
43965,Tanguy,TimothÃ©e,1986-06-15,2024-02-07,27,54180,"100 Av. de la Gare, 34970 Lattes",0,2,2
81676,Breton,Jeannine,1966-06-24,2022-01-22,29,48430,"27 Av. du Général Leclerc, 34470 Pérols",0,2,2
81001,Bailly,Michelle,1975-04-20,2025-02-19,29,46870,"74 Rue des Fleurs, 34970 Lattes",1,2,2
60948,Guillot,Gégoire,1978-07-31,2024-12-02,29,33130,"40 Pl. des Écoles, 34970 Lattes",1,2,2
21886,Toussaint,Judith,1962-09-10,2021-12-12,29,70320,"53 Av. de la Gare, 34970 Lattes",0,3,2
34899,Besson,Hugues,1971-04-03,2022-04-04,28,72360,"Pl. de la Liberté, 34470 Pérols",0,3,2
50408,Bonneau,Monique,1986-04-27,2024-02-22,27,54710,"118 Imp. des Vignes, 34470 Pérols",1,3,2
89943,Royer,Benjamin,1996-12-10,2020-11-14,29,65310,"40 Rue du Pradas, 34470 Pérols",0,4,2
66386,Lacroix,Susanne,1961-01-08,2025-01-15,26,55310,"189 Pl. des Écoles, 34970 Lattes",0,4,2
28160,Humbert,Victor,1972-04-26,2024-09-28,25,33620,"38 Plan des Arbousiers, 34970 Lattes",0,0,3
48589,Lopez,Robert,1984-08-23,2021-07-14,25,49610,"45 Rue de la République, 34000 Montpellier",0,0,3
45140,Henry,Roger,1967-09-15,2024-11-03,25,52770,"84 Rue des Écoles, 34980 Saint-Clément-de-Rivière",0,0,3
96902,Durand,Nicole,1971-10-17,2021-08-09,28,45910,"19 Rue de l'Église, 34250 Palavas-les-Flots",0,0,3
92368,Torres,Emmanuelle,2001-06-25,2020-04-21,28,74310,"Pl. de la Liberté, 34470 Pérols",0,0,3
22092,Gilbert,Lucas,1984-05-08,2023-12-11,27,53050,"77 Bd des Écoles, 34750 Villeneuve-lès-Maguelone",0,0,3
82858,Colas,Nathalie,1970-12-30,2023-04-19,25,31820,"125 Rue du Port, 34280 La Grande-Motte",0,0,3
58045,Provost,Elodie,1970-06-17,2024-11-16,27,42910,"112 Chem. des Pins, 34170 Castelnau-le-Lez",1,0,3
94680,Pineau,Henri,1973-11-16,2025-01-24,26,64180,"5 Av. de la Liberté, 34070 Montpellier",1,0,3
32690,Hamon,Paul,1980-05-18,2020-11-12,29,36430,"84 Rue du Port, 34470 Pérols",0,1,3
60358,Lesage,Mathilde,1981-09-04,2022-03-29,28,44830,"15 Rue de la République, 34000 Montpellier",0,1,3
46158,Marchand,Martin,1960-04-24,2022-11-05,26,47730,"44 Av. de la Paix, 34690 Fabrègues",0,1,3
12497,Fontaine,Gabriel,1961-06-03,2023-01-30,25,27820,"Rue du N, 34920 Le Crès",0,1,3
18246,Tessier,Francoise,1986-11-11,2025-01-11,28,30680,"181 Av. de la Gare, 34970 Lattes",0,2,3
27620,Hebert,William,1973-03-10,2025-03-24,25,68120,"18 Rue des Vignes, 34970 Lattes",0,2,3
89328,Lambert,Denise,1987-09-05,2021-07-01,29,38930,"8 Rue de la Vieille, 34000 Montpellier",0,2,3
44927,Fischer,Hugues,1977-07-22,2023-02-08,25,62370,"143 Rue des Sansouïres, 34970 Lattes",0,2,3
69938,Guillou,Valérie,1978-12-13,2021-06-05,26,38840,"7 Rue Alphonse Daudet, 34470 Pérols",0,2,3
29456,Gosselin,Capucine,2002-02-13,2024-02-18,26,48130,"2 Rue Palladio, 34970 Lattes",0,2,3
35731,Morvan,Laurence,2001-07-05,2021-06-14,26,63450,"46 Rue des Écoles, 34470 Pérols",0,2,3
42960,Normand,Michel,1994-10-26,2025-01-10,29,26320,"17 Rue Maguelone, 34250 Palavas-les-Flots",1,2,3
17757,Bazin,Margaret,1982-11-24,2023-04-17,25,31460,"Av. de La Mer, 34470 Pérols",0,3,3
92736,Lagarde,Alain,1983-06-03,2021-11-04,27,43210,"187 Chem. de la Draye du Marbre, 34170 Castelnau-le-Lez",0,3,3
17027,Boyer,Julie,1995-04-19,2022-09-04,25,36180,"Pl. Jean Jaurès, 34000 Montpellier",0,3,3
51328,Albert,Adèle,2000-05-28,2020-07-31,25,74300,"22 Rue de la Paix, 34130 Mauguio",0,3,3
54625,Paul,Christiane,1994-04-18,2022-11-18,27,70550,"26 Bd de la Liberté, 34830 Clapiers",0,3,3
76076,Moreno,André,1981-02-16,2020-08-29,26,74330,"141 Rue de la Plage, 34130 Mauguio",0,3,3
41293,Marchand,Sabine,1996-10-22,2023-12-29,29,55910,"6 Rue des Bougainvilliers, 34970 Lattes",0,3,3
46903,Leleu,Luc,1994-02-02,2022-04-06,29,71330,"57 Av. des Pins, 34130 Valergues",0,3,3
90813,Baudry,Gilles,1961-08-15,2021-03-28,29,35650,"88 Av. de la Liberté, 34070 Montpellier",0,3,3
84603,Jean,Marcelle,1961-02-20,2023-09-24,25,26970,"222 Rue Georges Bizet, 34130 Mauguio",0,3,3
53944,Lebon,Nath,1994-07-26,2024-05-18,29,56100,"58 Bd Ernest Renan, 34000 Montpellier",0,3,3
50955,Godard,Margaud,1992-05-23,2022-03-29,25,67480,"99 Rue du N, 34920 Le Crès",0,3,3
70643,Rodriguez,Antoine,1982-03-11,2021-01-12,26,29440,"1037 Val des Sources, 34090 Montpellier",0,4,3
84233,Gauthier,Michelle,1989-01-20,2024-12-29,26,73160,"Av. de la Mer, Montpellier",0,4,3
76341,Joubert,Claudine,1981-08-15,2023-01-13,29,43710,"57 Av. de la Liberté, 34070 Montpellier",0,4,3
71502,Louis,Mégane,1979-01-28,2023-01-25,25,33850,455 route de mendes 34000 Montpellier,0,4,3
16872,Toussaint,Francoise,1999-11-13,2023-01-26,27,30560,"10 Av. Maréchal Leclerc, 34280 La Grande-Motte",0,4,3
71190,Vallet,Andre,1977-09-15,2021-06-30,26,58580,"68 Rue du N, 34920 Le Crès",0,4,3
53673,Ferrand,Julien,1986-08-21,2024-09-26,26,31700,"129 Av. de la Liberté, 34070 Montpellier",0,4,3
28529,Lefort,Thibaut,1992-01-19,2021-07-12,26,25730,"100 Bd Victor Hugo, 34000 Montpellier",0,4,3
50504,Fabre,Christiane,1995-10-04,2021-09-04,26,37910,"10 Rue du Marché aux Raisins, 34750 Villeneuve-lès-Maguelone",0,4,3
45221,Georges,Bernard,1976-09-11,2020-07-25,25,34230,"215 Rue Alphonse Allais, 34070 Montpellier",0,4,3
86948,Boutin,Philippine,1984-10-28,2023-10-16,27,73110,"85 Av. de la Paix, 34690 Fabrègues",0,4,3
36827,Devaux,Audrey,1963-07-16,2022-09-22,26,39290,"Pl. du Marché, 34250 Palavas-les-Flots",0,4,3
67121,Pasquier,Claudine,1968-04-27,2020-09-20,27,68240,"Bd des Sports, 34000 Montpellier",0,4,3
91916,Legrand,Margaud,1983-10-13,2020-05-19,27,47530,"72 Rue des Pins, 34470 Pérols",0,4,3
49419,Bernard,Denise,1972-02-24,2020-09-01,28,42530,"13 Bd des Sports, 34000 Montpellier",0,4,3
30945,Grenier,Hugues,1975-01-02,2024-10-07,26,71640,"90 Av. de la Liberté, 34070 Montpellier",0,4,3
74171,Grondin,Bertrand,1988-04-26,2024-12-09,29,72520,"49 Pl. du Marché, 34250 Palavas-les-Flots",0,4,3
48154,Gosselin,Simone,1981-10-29,2022-09-01,25,65640,"Rue des Vignes, 34070 Montpellier",0,4,3
13780,Renard,Sylvain,1982-11-29,2024-04-11,25,60200,"56 Imp. Robespierre, 34130 Mauguio",0,4,3
18941,Guillou,Gilles,1986-12-23,2025-02-27,29,59910,"68 Bd des Écoles, 34750 Villeneuve-lès-Maguelone",0,4,3
62296,Chauvin,Zakaria,1987-10-02,2024-11-23,26,68680,"31 Av. Grassion Cibrand, 34130 Mauguio",1,4,3
